cos_theta,nominal,h1-100cm,h2-50cm,h3-30cm,dima,dima+,dima-,dragon,greco,baseline,msu2,martin_0.6_14,martin_0.8_40,martin_1.8_125,all,tilted,horizontal,bfp_three_flav,bfp_sterile
-1.0,0.0,0.0,0.0,0.0,0.0,0.0,0.0,0.0,0.0,0.0,0.0,0.0,0.0,0.0,0.0,0.0,0.0,0.0,0.0
-0.98,6.658986774607939e-05,0.00018460966332944326,0.00028954682351694876,0.0003898041348267048,0.00039808761051186446,0.0004345078459204553,0.0003616668236898752,0.0004133991861657198,0.00042951147456192626,0.00041943876524319054,0.00037756934693394524,0.0004115854327623845,0.00039680362614354396,0.000460954917013805,0.0004937854724384777,0.0005286981518329368,0.00044861877773563926,0.00044190319491590796,0.00035622416453144113
-0.96,0.000273360491861921,0.0007312175528206549,0.0011404808641684938,0.001532007036937178,0.0015697659960046443,0.0017126496294256855,0.001426880198950943,0.0016287258319557507,0.001692445944925248,0.001652568056471779,0.0014901939583357303,0.0016209733190992502,0.001561665296280926,0.0018109068691020754,0.0019404281567382351,0.0020767232479108415,0.00176380063859514,0.0017381967105646755,0.0014005037826324142
-0.94,0.00063081340366393,0.0016289920177279575,0.0025262424771056832,0.0033857944527769584,0.003481158487414118,0.0037963527191314864,0.003165959482070366,0.0036086735683093984,0.003750403481106279,0.003661607366934289,0.0033077486901052795,0.003590111041085165,0.0034562611979722705,0.004000486657835093,0.004287857453375759,0.004586971249102355,0.0038995338740573757,0.003844756443297868,0.003096249541062894
-0.92,0.001149450134468508,0.0028671014073056657,0.004420272017479554,0.005910352128791567,0.006098388415676048,0.0066475444836536345,0.005549224029335291,0.006315936026165953,0.006564984153121317,0.006408776189879228,0.0058001083981425,0.00628094598079468,0.006042267518777685,0.006980325084783123,0.007484002762827512,0.008002338116276096,0.006809806775601201,0.006717458289467032,0.005406872126582841
-0.9,0.0018397722155920663,0.004434714070808116,0.0067960098404411745,0.009064865811426572,0.009387579111726245,0.010228152291607959,0.008546993197032912,0.009713206836464752,0.010097788030986708,0.009856294018555154,0.008937147938347345,0.009655425520302394,0.009281360446257329,0.010701052951516481,0.011476793485570022,0.012265719810300744,0.010448607634705525,0.010312178145423765,0.008295782225952255
-0.88,0.0027122811783510067,0.006320998357489624,0.009626896301141583,0.012808521247127494,0.013314853906500468,0.01450010351161024,0.012129586341450373,0.013763179630145086,0.014310415184718749,0.01396638034621057,0.012688742166619724,0.01367549704168286,0.013135216167971303,0.015113301059605429,0.016214159022079754,0.017320012292044922,0.014769924742849199,0.01458479190751962,0.011726390525931097
-0.86,0.0037774785540617356,0.008515122616604512,0.01288637175473183,0.01710050418233988,0.017846336130934507,0.019425325512276277,0.016267322818874844,0.018428548038146263,0.019164465684333762,0.018701254666094007,0.017024765938859564,0.018303107927010648,0.017565510871479742,0.02016770021062026,0.021644028772833192,0.02310811152237727,0.01972774639151111,0.01949117547210616,0.015662107713279347
-0.84,0.005045865874040658,0.011006255197407108,0.016547876556362962,0.02190000036350926,0.02294814911596413,0.024965745662221865,0.02093052198559348,0.02367200569140759,0.02462153959984805,0.02402313647145399,0.021915094110966787,0.023500205558360326,0.02253392074434277,0.025814881206131245,0.027714332138306836,0.02957291346216643,0.025276060872170117,0.024987204735534948,0.020066344474756977
-0.8200000000000001,0.006527944669604169,0.013783564449151712,0.02058485106118601,0.027166195537081154,0.0285864161925251,0.031083291330062764,0.026089503197893427,0.029456246220868346,0.03064323700127791,0.029894245255539017,0.02732960153884129,0.029228737317806435,0.028002121974120484,0.03200547484770865,0.03437299851897712,0.03665731407228102,0.03136885647630508,0.031028755594157527,0.024902511497123934
-0.8,0.00823421647206869,0.01683621872109268,0.02497073562435205,0.032858275449501144,0.034727260691553234,0.03773988988441483,0.031714585812061886,0.035743963257467884,0.0371911579586397,0.03627680051159766,0.033238163078383044,0.03545065058742359,0.033931790748373054,0.0386901119369228,0.04156795731532061,0.04430420931358972,0.03796012149539492,0.03757170394432551,0.030134019467140245
-0.78,0.010175182812750622,0.02015338636248432,0.029678970601012128,0.03893542584721474,0.041336805943984305,0.04489746869389384,0.03777608918438601,0.0424978504321455,0.04422690254194973,0.043133021732878425,0.03961065358549196,0.04212789274928634,0.040284603254660586,0.04581942327534397,0.049247137927813746,0.05245649514696115,0.04500384422091847,0.04457192568239045,0.035724279071565855
-0.76,0.012361345222966365,0.02372423572258095,0.03468299634631728,0.04535683247666749,0.04838117528075407,0.05251795512711558,0.04424433267115295,0.04968060137584049,0.051712070821224275,0.05042512841262982,0.04641694791606796,0.04922241118546926,0.04702223568054321,0.05334403966454242,0.05735846975693303,0.06105706753326397,0.05245401294435464,0.05198529670470389,0.04163670099716075
-0.74,0.014803205234032326,0.027537935150636902,0.03995625321541856,0.05208168108430492,0.05582649203279833,0.06056327655269585,0.051089635628649877,0.05725490971949216,0.05960826286647969,0.0581153400441004,0.05362692092601096,0.0566961532780469,0.05410636421358104,0.06121459190608844,0.06584988220315495,0.0700488224333668,0.060264615957182265,0.059767692907617416,0.0478346959306849
-0.72,0.017511264377264916,0.03158365299590649,0.045472181563467017,0.05906915741657259,0.06363887953105285,0.06899536033925044,0.058282317413163955,0.06518346909403981,0.06787707874773227,0.06616587612053866,0.06121044747122088,0.06451106640909385,0.0614986650413342,0.06938171080155232,0.07466930466695597,0.07937465580813828,0.06838964155088025,0.0678749901874826,0.05428167455889827
-0.7,0.02049602418398053,0.03585055760764404,0.05120422174561369,0.06627844721991602,0.07178446110645342,0.07777613385539515,0.06579269738098234,0.07342897313042278,0.07648011853499834,0.07453895613519312,0.06913740240759766,0.07262909796068466,0.06916081435136283,0.07779602715250435,0.08376466654881258,0.08897746361844708,0.07678307801692744,0.07626306444065097,0.060941047568560835
-0.6799999999999999,0.023767986185495582,0.04032781733510388,0.05712581411700964,0.07366873624078075,0.0802293600899358,0.08686752446974579,0.07359109488839219,0.08195411545958033,0.08537898229829419,0.08319679958131235,0.0773776605910412,0.08101219531489391,0.07705448833122705,0.08640817176051477,0.0930838972492013,0.0988001418251618,0.08539891364680272,0.08488779156347412,0.0677762256464326
-0.6599999999999999,0.027337651913126468,0.045004600527540316,0.06321039903280591,0.08119921022561233,0.0889396998124358,0.09623145955091814,0.08164782929168067,0.09072158971245178,0.09453527010763617,0.09210162595214484,0.08590109687745145,0.08962230585379614,0.08514136316848697,0.0951687754271539,0.10257492616859858,0.1087855863891511,0.09419113673198498,0.0937050474523036,0.07475061947927349
-0.64,0.031215522898189577,0.04987007553420766,0.0694314168481535,0.08882905492085623,0.0978816036048891,0.10582986646752791,0.08993321994713491,0.09969408951997641,0.1039105820330405,0.10121565474093905,0.09467758612272827,0.09842137695946591,0.09338311505070267,0.10402846895399198,0.11218568270748085,0.11887669327128354,0.10311373556395302,0.10267070800349093,0.0818276397538435
-0.62,0.03541210067200136,0.05491341070436028,0.07576230791820356,0.0965174560729581,0.10702119479823163,0.11562467258819109,0.09841758621104219,0.10883430851309361,0.11346651814452365,0.11050110544094364,0.1036770031827717,0.10737135601397786,0.1017414201654344,0.1129378831425994,0.12186409626632475,0.12901635843242792,0.11212069843418584,0.1117406491133878,0.08897069715690262
-0.6,0.03993788676587819,0.060123774387252485,0.08217651259810707,0.10422359942836343,0.11632459672339908,0.12557780528152335,0.10707124743968954,0.11810494032274264,0.12316467851210183,0.11992019754540707,0.11286922291348157,0.11643419039940654,0.11017795470024222,0.12184764879454635,0.13155809624560666,0.13914747783345283,0.12116601363416225,0.1208707466783457,0.09614320237521082
-0.5800000000000001,0.044803382711136465,0.06549033493213854,0.08864747124301507,0.11190667073351772,0.12575793271132724,0.13565119191614045,0.11586452298936416,0.12746867857986277,0.1329666632057913,0.12943515054757782,0.12222412017075782,0.12557182749782644,0.11865439484268618,0.13070839671140305,0.14121561204580305,0.14921294743522678,0.13020366945536105,0.13001687659471614,0.10330856609552803
-0.56,0.05001909003909263,0.07100226068827285,0.09514862420807865,0.11952585573486654,0.13528732609295188,0.14580675986065827,0.12476773221635325,0.13688821691539335,0.14283407229560854,0.1390081839407045,0.13171156981050042,0.1347462146913122,0.12713241678032652,0.13947075769473996,0.15078457306739043,0.1591556631986186,0.13918765418926124,0.1391349147588508,0.11043019900461433
-0.54,0.055595510281063056,0.07664872000490972,0.10165341184844885,0.12704034017885546,0.14487890019920885,0.1560064364836926,0.13375119447694397,0.1463262489602737,0.15272850585156983,0.14860151721803558,0.14130144668860928,0.1439192993619384,0.13557369670072336,0.14808536254612722,0.16021290871084537,0.16891852108449684,0.14807195612734167,0.1481807370671012,0.1174715117892296
-0.52,0.061543144968364154,0.08241888123130343,0.1081352745192767,0.13440930981192997,0.15449877836103384,0.1662121491538592,0.14278522912742347,0.15574546834544312,0.16261156394369136,0.15817736987281958,0.15096362566098429,0.15305302889177957,0.14393991079143673,0.15650284206713522,0.16944854837664428,0.1784444170537301,0.1568105635610811,0.15711021941581887,0.12439591513613384
-0.5,0.06787249563231233,0.08830191271670834,0.11456765257571325,0.14159195038053568,0.1641130839093627,0.17638582523977392,0.15184015552407892,0.1651085687018409,0.17244484664198956,0.1676979613983051,0.16066798158352538,0.1621093506629103,0.15219273524002683,0.16467382705933417,0.17843942146526362,0.18767624706718714,0.1653574647819586,0.16587923770135543,0.13116681973208708
-0.48,0.07458634076358894,0.0942911999246095,0.12093386492740214,0.14856155466210802,0.1736899867423452,0.18649147266642943,0.16088830560149467,0.1743828516149954,0.1821934106536791,0.1771297858892895,0.17038429480040013,0.17105627901173837,0.16030291830896776,0.17256366872827283,0.1871465553799006,0.1965715839232755,0.17367839609486171,0.17445370620115133,0.13776116725522067
-0.45999999999999996,0.0816565666903352,0.10039699677541498,0.12725674470195744,0.15534784355804274,0.18320584302698778,0.19650142158432646,0.16991006160744432,0.18355405048879136,0.19183613923476872,0.18645643584676622,0.18008196760884648,0.17988609609200465,0.16827749656038973,0.18019659989541423,0.1955833695346353,0.20514670777055935,0.18178608585831366,0.18283969271700293,0.14421002334915217
-0.43999999999999995,0.08904733670005714,0.10663377430376357,0.13356900358148574,0.16199464500072536,0.19263905549751068,0.20639008270034256,0.17888781836799847,0.19261250668170252,0.2013553722784653,0.19566577837327742,0.18973030779436997,0.1885971510117832,0.1761325786313369,0.18761157378619955,0.20377638134626824,0.2134325755951415,0.18970501044424642,0.19105330343179538,0.15055798464887046
-0.42000000000000004,0.09672281408026087,0.11301600354429404,0.13990335324809355,0.16854578692254155,0.20196802688813423,0.21613186672135531,0.18780397070922789,0.20154856155220263,0.210733449677976,0.20474568057136538,0.19929862314247612,0.19718779287914803,0.18388427315885333,0.19484754362607032,0.21175210823160018,0.22146014438312503,0.1974596462245918,0.19911064452841382,0.15684964778936447
-0.4,0.10464716211845258,0.11955815553164525,0.1462925053838877,0.1750450972558769,0.21117115993307897,0.22570118435424244,0.19664091345720328,0.21035255645876555,0.21995271132650787,0.21368400954357247,0.20875622143867067,0.2056563708021733,0.1915486887799834,0.20194346264046792,0.21953706760743186,0.22926037112061298,0.20507446957128203,0.20702782218974364,0.16312960940562315
-0.38,0.11278454410213838,0.12627470130045598,0.15276917167097473,0.18153640393311718,0.2202268573665651,0.23507244630588153,0.20538104143799543,0.21901483275986505,0.22899549711726805,0.22246863239244088,0.21807241046845918,0.21400123388893308,0.19914193413177117,0.20893828405483372,0.2271577768905639,0.23686421279370842,0.21257395685624897,0.21482094259867,0.16944246613263547
-0.36,0.12109912331882434,0.133180111885365,0.15936606379146118,0.1880635348866479,0.22911352192281312,0.2442200632831501,0.21400674947767498,0.22752573181397487,0.23784414694346345,0.2310874162205129,0.22721649801734708,0.22222073124750139,0.20668011785126086,0.21587096109460913,0.2346407534977971,0.24430262638851433,0.21998258445142455,0.2225061119380781,0.1758328146053904
-0.33999999999999997,0.12955506305601663,0.14028885832101118,0.16611589342745375,0.1946703180488547,0.23780955633604342,0.2531184459929259,0.22250043240231276,0.2358755949795688,0.24648100069830128,0.23952822813033087,0.23615779187084013,0.23031321198595237,0.21417934857549661,0.22278044698523558,0.2420125148459321,0.2516065688911337,0.22732482872874088,0.23009943639085317,0.1823452514588768
-0.31999999999999995,0.13811652660122137,0.14761541164203326,0.17305137226105913,0.20140058135212324,0.24629336334047627,0.2617420051420864,0.23084448503797944,0.2440547636151206,0.2548883982749885,0.247778935224437,0.2448655998144438,0.23827702521236005,0.2216557349415227,0.22970569495215443,0.24929957835176955,0.25880699728766965,0.23462516606012981,0.23761702213988045,0.18902437332808372
-0.29999999999999993,0.1467476772419446,0.1551742428830701,0.18020521197438377,0.20829815272883911,0.25454334567033216,0.27006515143750925,0.23902130221074563,0.25205357907910414,0.26304867956673217,0.2558274046053735,0.25330922963366376,0.24611052003479852,0.22912538558638318,0.23668565822080703,0.25652846143211017,0.26593486856422505,0.2419080728175234,0.24507497536804515,0.19591477684799996
-0.28,0.1554126782656924,0.16297982307876033,0.18761012424953435,0.21540686011138796,0.26253790605983124,0.278062295586072,0.24701327874668222,0.25986238272999285,0.27094418446673924,0.26366150337568267,0.26145798911400536,0.25381204556134174,0.23660440914712216,0.24375929001663474,0.2637256815037545,0.27302113970690295,0.24919802537285346,0.25248940225823235,0.20306105865361446
-0.26,0.16407569295997101,0.17104662326374298,0.19529882076861757,0.22277053143215542,0.27025544724319406,0.28570784829465234,0.2548028094718598,0.267471515926261,0.278557252868217,0.2712690986379069,0.2692811860409744,0.261379950900064,0.24410891426078404,0.2509655435650791,0.2709177559835035,0.2800967677018065,0.2565195000980522,0.2598764089933275,0.21050781537991634
-0.24,0.17270088461228658,0.17938911447265676,0.20330401321374003,0.23043299462352718,0.27767437195464095,0.29297622027012804,0.26237228921234923,0.2748713200263821,0.2858702246643724,0.27863805749458836,0.27674812820007644,0.2688125851590392,0.25165500956441283,0.2583433720915814,0.27813120228815774,0.28719270953503867,0.26389697336505147,0.2672521017562157,0.2182996436618944
-0.21999999999999997,0.18125241651014506,0.1880217677401404,0.2116584132670083,0.23843807761788874,0.2847730829283923,0.29984182221937644,0.2697041127942211,0.28205213638882987,0.2928654397484124,0.28575624704826924,0.2838281233768169,0.2761082974463414,0.25925880369505283,0.26593172882158306,0.2853925378345178,0.2943399221927023,0.27135492154578317,0.27463258672978214,0.22648114013453757
-0.19999999999999996,0.1896944519410527,0.19695905410083284,0.220394732610529,0.24682960834762582,0.2915299828986685,0.30627906484927525,0.27678067504354625,0.2890043063720783,0.29952523801354425,0.292611534401492,0.2904904793567016,0.2832654368700449,0.26693640528974816,0.2737695669805255,0.29272828003938456,0.30156936266090056,0.2789178210121795,0.28203397009691217,0.23509690143283488
-0.17999999999999994,0.19800121751812946,0.2062114445817611,0.22953712664541837,0.2556403988998827,0.29793216112543575,0.31227256127430425,0.2835915414061138,0.2957234095683907,0.3058397390645651,0.29919782001484563,0.2967157400540695,0.2902851723036243,0.2747012851090804,0.2818869080321259,0.30016003253601464,0.3089060470602045,0.28660545222036493,0.2894701148364095,0.24417998439231636
-0.16000000000000003,0.20618719315695125,0.2157734101795063,0.23907552564883056,0.2648591979808386,0.30400145297164427,0.3178477342393516,0.290154959806587,0.30222597850518984,0.3118301813526333,0.3055331377811067,0.30252939389859423,0.2971799516821574,0.28255636240778154,0.29027804639320554,0.3076897438234895,0.31635122804905674,0.2944188119632351,0.29694591111075236,0.25371728665067705
-0.14,0.2142769220987078,0.22563542188303773,0.2489913036169295,0.2744637384514312,0.3097683803259899,0.3230402088969076,0.2964963487893476,0.308533783943688,0.31752558304049694,0.31164155495109824,0.3079681654487831,0.30396504270612273,0.2905019185641208,0.2989283447188612,0.3153144486173464,0.32390021742036773,0.30235420111787825,0.3044640058783375,0.263684166046153
-0.12,0.22229494758458887,0.23578795068132472,0.259265834545879,0.2844317531725983,0.31526346507716874,0.3278856103994627,0.3026411268987771,0.31466859664509755,0.32295496229090476,0.31754713877564367,0.3130687792631428,0.3106557130759989,0.29853823495636744,0.3078231656641899,0.3230311816331228,0.3315483269670482,0.31040792056138244,0.3120270460975618,0.2740559804169803
-0.09999999999999998,0.23026581285578418,0.24622146756333646,0.2698804924318426,0.2947409750052778,0.3205172291138766,0.33241956389950705,0.3086147126792572,0.3206521873706307,0.32814733726660494,0.32327395650556623,0.31786795990018096,0.317267230492264,0.3066655929627906,0.31694787188428847,0.33083697758635583,0.33929086848200873,0.3185762711708361,0.319637678726822,0.28480808760139525
-0.07999999999999996,0.23821406115348345,0.25692644351804245,0.28081665127098443,0.30536913681040734,0.32556019432480954,0.3366776945495313,0.3144425246751697,0.3265063268815,0.33313172613034603,0.32884607539168914,0.32240243191840434,0.3238148626553969,0.3148842739616598,0.32628782603425394,0.3387288711925831,0.3471231537581599,0.32685555382332726,0.32729855072451486,0.2959158454376338
-0.05999999999999994,0.24616423571887666,0.267893349534412,0.2920556850594682,0.3162939714489249,0.3304228825986637,0.34069562750202553,0.3201499814308964,0.33225278593891777,0.33793714704487654,0.33428756268483595,0.32670891987632045,0.33031387726587613,0.32319455933124447,0.33582839076918347,0.34670389716734207,0.35504049458841247,0.3352420693959444,0.33501230904903734,0.30735461176393214
-0.040000000000000036,0.2541408797931532,0.2791126566014143,0.30357896779345755,0.327493211781768,0.33513581582413465,0.3445089879094801,0.32576250149081865,0.33791333530409623,0.3425926181729445,0.3396224856358295,0.33082414833243606,0.33677954202417987,0.33159673044981347,0.3455549287441736,0.3547590902261697,0.3630382027656768,0.3437321187657754,0.342781600658786,0.31909974441852623
-0.020000000000000018,0.26216853661750317,0.29057483570801884,0.31536787346911654,0.33894459066987487,0.33972951588991873,0.34815340092438546,0.33130550339931836,0.3435097457382479,0.34712715767729885,0.3448749114954933,0.3347848418452586,0.34322712463078686,0.34009106869563654,0.3554528026143217,0.3628914850846039,0.3711115900828636,0.3523220028099088,0.3506090725121578,0.33112660123965243
0.0,0.27027174943311605,0.30227035784319495,0.32740377608260873,0.3506258409741828,0.3442345046847118,0.35166449169923175,0.33680440570077713,0.3490637880025848,0.3515697837206874,0.3500689075146506,0.33862772497329496,0.34967189278617544,0.3486778554469826,0.3655073750347244,0.3710981164581815,0.37925596833288344,0.3610080224054326,0.35849737156754946,0.3434105400655468
0.020000000000000018,0.2784750614811818,0.3141896939959118,0.339668049630098,0.36251469555562993,0.34868130409720977,0.3550778853865095,0.3422846269395765,0.3545972328583196,0.35594951446585893,0.35522854094412454,0.34238952227505237,0.35612911419082416,0.3573573720821211,0.37570400866047876,0.3793760190624402,0.38746664930864694,0.36978647842943496,0.36644914478335777,0.3559269187344454
0.040000000000000036,0.28680301600289015,0.326323315155139,0.3521420681077484,0.374588887275154,0.35310043601610885,0.35842920713870907,0.3477715856600985,0.36013185106666473,0.36029536807556195,0.3603778790347387,0.3461069583090381,0.36261405654521167,0.36612989997932144,0.38602806614668195,0.38772222761291747,0.3957389448030649,0.3786536717590046,0.3744670391179797,0.3686510950845844
0.06000000000000005,0.29528015623943077,0.33866169230984566,0.3648072055117234,0.3868261489936927,0.3575224223301047,0.3617540821083206,0.35329070040672467,0.3656894133888323,0.3646363627125447,0.365540989037316,0.34981675763375913,0.36914198754981625,0.3749957205168528,0.39646491014843066,0.3961337768251505,0.40406816660904765,0.38760590327122924,0.38255370152981183,0.3815584269541999
0.08000000000000007,0.30393102543199363,0.3511952964490013,0.3776448358381871,0.39920421357218416,0.3619777849278937,0.3650881354478347,0.35886738972383664,0.3712916905860349,0.3690015165395556,0.37074193820268,0.3535556448077228,0.3757281749051166,0.3839551150729846,0.4069999033208221,0.4046077014146768,0.41244962651950606,0.39663947384319737,0.3907117789772512,0.3946242721815281
0.10000000000000009,0.31278016682176807,0.36391459856157493,0.3906363330833028,0.41170081387156554,0.36649704569817126,0.3684669923097413,0.3645270721558159,0.37696045341948436,0.37341984771934295,0.3760047937816535,0.35736034438943587,0.3823878863115908,0.3930083650259858,0.4176184083189527,0.4131410360970333,0.42087863632735034,0.4057506843519968,0.3989439184186941,0.407823988604805
0.1200000000000001,0.32185212364994426,0.3768100696365363,0.40376307124323496,0.42429368275277535,0.37111072652963395,0.37192627784653115,0.3702951662470445,0.38271747265039363,0.3779203744146555,0.38135362302506043,0.3612675809374059,0.3891363894697179,0.4021557517541261,0.4283057877979201,0.421730815587758,0.4293505078254915,0.41493583567471626,0.4072527668125379,0.4211329340622669
0.14000000000000012,0.3311714391577117,0.3898721806628544,0.4170064243141468,0.4369605530767508,0.3758493493109773,0.37550161721069436,0.37619709054190376,0.3885845190399747,0.38253211478824123,0.3868124931837235,0.36531407901013974,0.395988952079976,0.41139755663567446,0.4390474044128207,0.43037407460238797,0.4378605528068398,0.4241912286884438,0.41564097111717907,0.4345264663921496
0.15999999999999992,0.3407626565862602,0.40309140262949855,0.43034776629220234,0.44967915770442995,0.38074343593089754,0.3792286355547213,0.38225826358477566,0.3945833633494401,0.3872840870028489,0.3924054715084662,0.36953656316614464,0.4029608418428436,0.4207340610489004,0.44982862081875163,0.4390678478564604,0.44640408306430596,0.4335131642702675,0.42411117829101436,0.4479799434326894
0.17999999999999994,0.35065031917677963,0.4164582065254385,0.4437684711735657,0.46242722949675075,0.38582350827809064,0.38314295803110243,0.3885041039200419,0.4007357763400021,0.3922053092212267,0.3981566252501119,0.37397175796392773,0.41006732645879945,0.43016554637207316,0.46063479967081006,0.44780917006551313,0.4549764103908009,0.4428979432972757,0.4326660352924409,0.46146872302212255
0.19999999999999996,0.36085897017045976,0.42996306333964324,0.4572499129544003,0.47518250131465084,0.3911200882412525,0.38728020979232797,0.3949600300920839,0.4070635287728732,0.39732479960612316,0.4040900216594839,0.3786563879619963,0.41732367362832196,0.43969229398346216,0.47145130362409277,0.4565950759450832,0.46357284657923487,0.45234186664655673,0.4413081890798553,0.4749681629986852
0.21999999999999997,0.3714131528084902,0.4435964440610822,0.47077346563087014,0.4879227060190679,0.39666369770907906,0.39167601599088825,0.4016514606452835,0.4135883914092656,0.40267157632028666,0.4102297279874051,0.38362717771885724,0.4247451510518895,0.4493145852613364,0.4822634953336968,0.465422600210708,0.4721887034225185,0.4618412351951987,0.45004028661165435,0.4884536212006132
0.24,0.38233741033206076,0.45734881967872465,0.48432050319913883,0.5006255764709399,0.4024848585702664,0.39636600177927367,0.40860381412402236,0.42033213501039146,0.40827465752646563,0.41659981148469905,0.3889208517930178,0.4323470264299805,0.4590327015839654,0.4930567374547189,0.474288777577925,0.4808192927135625,0.4713923498202898,0.45886497484623473,0.5019004554661429
0.26,0.39365628598236135,0.47121066118154015,0.49787239965537045,0.5132688455312047,0.4086140927135105,0.40138579230997457,0.4158425090726823,0.42731653033746364,0.4141630613874086,0.4232243394021891,0.3945741347429852,0.440144567463074,0.4688469243296184,0.5038163926422563,0.48319064276227175,0.48945992624527757,0.4809915113989184,0.4677849007419936,0.5152840236335106
0.28,0.40539432300058137,0.48517243955849754,0.5114105289957285,0.5258302460607998,0.41508192202750716,0.4067710127354811,0.4233929640356445,0.434563348151694,0.4203658060658636,0.4301273789906983,0.40062375112726634,0.44815304185164767,0.4787575348765646,0.5145278235514056,0.4921252304792851,0.498105915810574,0.49063502080817234,0.4768027112573272,0.5285796835409518
0.30000000000000004,0.4175760646279109,0.4992246257985666,0.5249162652163769,0.5382875109206633,0.42191886840095255,0.41255728820828386,0.43128059755729126,0.4420943592142952,0.42691190972457943,0.43733299750105,0.40710642550436854,0.45638771729618055,0.4887648146030734,0.5251763928372641,0.5010895754445029,0.5067525732023627,0.5003191789251403,0.48592105335063274,0.5417627930267029
0.32000000000000006,0.4302260541055395,0.5133576908907165,0.5383709823134795,0.5506183729717328,0.42915545372254255,0.41878024388087304,0.43953082818200395,0.44993133428647925,0.4338303905263043,0.4448652621840674,0.4140588824327989,0.4648638614971509,0.4988690448874142,0.5357474631549286,0.5100807123734622,0.515395210213554,0.5100402866269103,0.49514257398030687,0.5548087099290003
0.3400000000000001,0.44336883467465726,0.5275621058239168,0.5517560542832002,0.5628005650749462,0.43682219988097326,0.4254755049057391,0.44816907445416426,0.458096044129459,0.44115026663378676,0.452748240290574,0.4215178464710646,0.47359674215503755,0.5090705071078561,0.5462263971594962,0.5190956759817008,0.5240291386370588,0.5197946447905706,0.5044699201047464,0.5676927920860801
0.3600000000000001,0.45702768127703386,0.5418273757305261,0.5650518780884877,0.5748107656520716,0.44494786645391377,0.43267682109892097,0.457219105634306,0.46660859365287344,0.4488987744266443,0.46100429531510356,0.42951822359843195,0.4826000493144008,0.5193681215069832,0.556597313177815,0.5281300613316406,0.5326482096690219,0.5295771808823554,0.5139042898282369,0.5803894163183374
0.3800000000000001,0.47119669796778746,0.5561207910408625,0.5782163789283469,0.5866014010239703,0.45352067986541866,0.4403748095380798,0.4666667574544577,0.47545077318018053,0.4570621692724843,0.4696166043575364,0.43805309247162566,0.49185118693369256,0.5297295022066206,0.5668157099870171,0.5371463514640581,0.5412126807799786,0.5393512339188543,0.5234135576105005,0.5928503960358317
0.40000000000000013,0.48584081791538386,0.5703874274832038,0.5911850102378392,0.5981006454105975,0.4624883333859273,0.4485169545624983,0.4764599321181434,0.48456605844865785,0.46558572552690425,0.4785291581230989,0.44707370442482935,0.5012912728852553,0.5400909572078337,0.5768084668145176,0.5460739173980833,0.5496492157148549,0.5490485544670135,0.532932274266697,0.6050049812382857
0.41999999999999993,0.5009237059888689,0.5845713949292164,0.6038922484188101,0.6092356185927386,0.4717967579748525,0.4570488651750081,0.4865448825450388,0.49389625934400894,0.4744129357623705,0.48768424356072815,0.45652949221298583,0.510859847385514,0.5503874333760033,0.5865012185594825,0.554840690499731,0.5578830176218109,0.558599519682924,0.5423935417578739,0.6167814409075818
0.43999999999999995,0.5164090270572891,0.5986168032505679,0.6162725698731061,0.6199334403511794,0.4813918845916072,0.4659161503784408,0.49686786165481983,0.5033831857519382,0.4834872925513498,0.4970241476193614,0.4663698885910378,0.5204964506508934,0.5605538775765095,0.5958196001210793,0.5633746021350168,0.5658392896490064,0.5679345067226776,0.55173046204508,0.6281080440256024
0.45999999999999996,0.5322604459896904,0.612467762318925,0.6282604510025732,0.6301212304667049,0.4912196441956043,0.47506441917562814,0.5073751223671623,0.5129686475581497,0.49275228846630875,0.5064911572479359,0.476544326313928,0.5301406228978185,0.570525236674733,0.604689246398474,0.5716035836699553,0.5734432349446021,0.5769838927423663,0.560876137089363,0.6389130595742296
0.48,0.5484416276551188,0.626068382005955,0.6397903682090577,0.6397261087201006,0.5012259677462566,0.48443928056940166,0.5180129176017423,0.5225944546483475,0.5021514160797137,0.5160275593953888,0.48700223813659915,0.5397319043427142,0.5802364575360544,0.6130357922908335,0.5794555664705618,0.580620056656758,0.585678054898081,0.5697636688517711,0.649124756535346
0.5,0.5649162369226205,0.6393627721833242,0.6507967978944054,0.6486751948921518,0.5113567862029766,0.4939863435625928,0.528727500278235,0.5322024169082351,0.5116281679640311,0.5255756410106571,0.4976930568139938,0.549209835202005,0.5896224870258538,0.6207848726973241,0.5868584819028513,0.5872949579336341,0.5939473703459137,0.5783261592933522,0.6586714038908335
0.52,0.5816479386612418,0.6522950427227001,0.6612142164604624,0.6568956087636438,0.5215580305251776,0.5036512171580333,0.5394651233163169,0.5417343442235172,0.5211260366917277,0.535077689042678,0.5085662151010547,0.5585139556921159,0.5986182720095121,0.6278621225171124,0.5937402613328386,0.5933931419233904,0.601722216241956,0.5864967103751546,0.6674812706225743
0.54,0.5986003977400287,0.6648093034957496,0.6709771003090751,0.6643144701153622,0.531775631672272,0.513379510358555,0.5501720396356635,0.5511320464798974,0.5305885148352699,0.5444759904403887,0.5195711457527248,0.5675838060294721,0.6071587593524095,0.6341931766493653,0.6000288361265393,0.5988398117741874,0.6089329697422993,0.5942084240582263,0.6754826257124512
0.56,0.6157372790280272,0.6768496643741398,0.6800199258420894,0.6708588987280922,0.541955520603673,0.523116832166989,0.5607945021559508,0.56033733356308,0.5399590949671244,0.5537128321527264,0.5306572815239465,0.5763589264304978,0.6151788959199267,0.639703669993249,0.6056521376499681,0.6035601706341851,0.6155100080030351,0.6013944023036154,0.6826037381423461
0.5800000000000001,0.6330222473942835,0.6883602352295375,0.6882771694613513,0.6764560143826194,0.5520436282787933,0.5328087915861675,0.5712787637968545,0.5692920153587689,0.5491812696597574,0.5627305011286284,0.5417740551696626,0.5847788571116184,0.622613628577444,0.6443192374479304,0.6105380972691402,0.6074794216515437,0.6213837081802553,0.6079877470723699,0.6887728768941414
0.6000000000000001,0.6504189677078436,0.6992851259336094,0.6956833075687069,0.6810329368597287,0.5619858856570453,0.5424009976189215,0.5815710774780507,0.5779379017526681,0.5581985314856357,0.5714712843170313,0.5528708994448156,0.5927831382892582,0.6293979041903417,0.6479655139125758,0.6146146463500702,0.6105227679744231,0.6264844474300512,0.6139215603255376,0.6939183109497189
0.6200000000000001,0.667891104837754,0.7095684463580231,0.7021728165660026,0.684516785940206,0.5717282236978424,0.551839059268083,0.5916176961192149,0.5862168026304819,0.5669543730172258,0.5798774686668728,0.5638972471043486,0.6003113101798427,0.6354666696240007,0.6505681342863521,0.6178097162587739,0.6126154127509836,0.6307426029085146,0.6191289440241672,0.6979683092909619
0.6400000000000001,0.6854023236530605,0.7191543063744452,0.7076801728550842,0.6868346814048364,0.5812165733605972,0.5610685855364835,0.601364872640023,0.5940705278779139,0.5753922868269942,0.5878913411270899,0.5748025309032042,0.6073029129997962,0.6407548717438012,0.6520527334684256,0.6200512383612656,0.6136825591293857,0.6340885517717368,0.6235430001293066,0.7008511408997516
0.6600000000000001,0.7029160044975089,0.7279800984615096,0.7121314355728549,0.687904659384911,0.5903977945020097,0.5700370908260741,0.6107588123402041,0.6014401604530195,0.5834564167806326,0.5954548986613569,0.5855382837948122,0.6136955264053087,0.6451926513969518,0.6523373266716486,0.6212617456387216,0.6136436935404066,0.6364471227754297,0.6270924840157488,0.7024855326545517
0.6799999999999999,0.7203889836329367,0.7358287150580844,0.7152590667625318,0.6874358320733472,0.5992401116163882,0.5787359137185552,0.6197446252607066,0.6082500639779297,0.5911058864880201,0.6025034685723072,0.596104343297814,0.6193816371671574,0.6485996110127078,0.6511646763236392,0.6212396082210111,0.6122868179150247,0.6376155314665645,0.6296061795744282,0.7025707430551781
0.7,0.7377715532392745,0.7423285485632737,0.7166019313736453,0.6849283877246899,0.6077331138356485,0.5872002169753756,0.6282663261836994,0.6144078827388503,0.5983147993032215,0.6089657085015322,0.6065488514960616,0.6242086391707083,0.6506848146023705,0.6481022920667819,0.6196590333866975,0.6092684496844192,0.6372633801833725,0.6308128992124197,0.7005865622228006
0.72,0.7550137209711503,0.7471012739831465,0.7156904770907827,0.6798734309439883,0.6158673191889934,0.5954670687571039,0.6362678822714034,0.6198205340943388,0.6050579098735273,0.6147699861053608,0.6169220506718938,0.6280219657410911,0.6511525201590693,0.6427100638571462,0.6161888300295042,0.604239389562386,0.6350547228637043,0.6304371087505432,0.6960032381751691
0.74,0.7720654944831948,0.7497685663237738,0.7120551515985322,0.671762066336293,0.6236332457056267,0.6035735372243092,0.6436932606860412,0.624394935402953,0.6113099728462283,0.6198446690401225,0.6272741831076505,0.6306670502034372,0.6497069856759342,0.6345478816508028,0.6104978070431553,0.5968504382627224,0.6306536134454123,0.6282032740096194,0.6882910189300349
0.76,0.7888768814300369,0.7499521005912251,0.705226402581481,0.660085398506654,0.6310214114147514,0.6115566905375599,0.6504864285898335,0.6280380040232499,0.6170457428686147,0.6241181249621456,0.6376554910856708,0.6319893258828762,0.6460524691460945,0.6231756354038208,0.6022547733213748,0.5867523964992245,0.6237241058663467,0.6238358608104685,0.6769201525051473
0.78,0.8053978894663055,0.7472735517915703,0.6947346777242167,0.6443345320601209,0.6380223343455705,0.6194535968574245,0.6565913531450024,0.630656657313787,0.6222399745879772,0.6275187215277593,0.648116216888294,0.6318342261045388,0.6398932285626797,0.6081532150722705,0.5911285377578863,0.5735960649856886,0.613930254064359,0.6170593349739101,0.6613608869182569
0.8,0.8215785262466305,0.7413545949308795,0.6801104247113273,0.624000571601744,0.6446265325272874,0.6273013243444718,0.6619520015137691,0.6321578126331219,0.6268674226516066,0.6299748263932927,0.6587066027978598,0.630047184193555,0.6309335219188198,0.5890405106122217,0.5767879092464138,0.5570322444359115,0.6009361119773003,0.6075981623207649,0.6410834701871144
0.8200000000000001,0.8373687994256411,0.7318169050152229,0.6608840912274,0.5985746217365728,0.6508245239891053,0.6351369411592704,0.6665123408583554,0.6324483873398118,0.630902841706793,0.6314148072150747,0.6694768910967069,0.6264736334750552,0.6188776072076441,0.5653974119797441,0.5589016966806809,0.5367117355636895,0.584405733543022,0.5951768086718529,0.6155581503294696
0.8400000000000001,0.8527187166579667,0.7182821570506703,0.6365861249570225,0.5675477870696578,0.6566068267602272,0.6429975154623893,0.6702163383409828,0.6314352987924141,0.6343209864008272,0.631767031649434,0.6804773240671752,0.6209590072741703,0.6034297424222821,0.5367838091309078,0.5371387089544116,0.5122853390828191,0.564003172699375,0.5795197398479947,0.5842551753630733
0.8600000000000001,0.8675782855982369,0.7003720260432922,0.6067469735847827,0.5304111722060489,0.6619639588698566,0.6509201154143966,0.6730079611238732,0.6290254643494866,0.6370966113810002,0.6309598673527004,0.6917581439916042,0.6133487389160304,0.584294185555864,0.5027595920217829,0.51116775496133,0.48340385570709704,0.539392483384211,0.56035142167001,0.5466447933056755
0.8800000000000001,0.8818975139010805,0.6777081869991579,0.5708970847952678,0.48665588175079577,0.6668864383471963,0.6589418091758614,0.6748311763692474,0.6251258013695862,0.6392044712946017,0.6289216819812018,0.7033695931523325,0.6034882617257655,0.5611751946015184,0.4628846506084387,0.4806576435951595,0.4497180861503194,0.5102377195353803,0.5373963199587188,0.5021972521750263
0.9000000000000001,0.8956264092211271,0.6499123149243378,0.5285669062730657,0.4357730203089485,0.6713647832214498,0.667099664907352,0.6756299512393276,0.6196432272112704,0.6406193207889227,0.6255808431912676,0.7153619138317,0.5912230090285062,0.5337770275523757,0.41671887484694553,0.445277183749624,0.4108788311262828,0.47620293509073486,0.5103789005349421,0.4503827999888765
0.9199999999999999,0.9087149792130063,0.6166060848249025,0.4792868857027645,0.3772536924855578,0.6753895115218203,0.6754307507694374,0.6753482528963352,0.612484659233097,0.6413159145112538,0.620865718639227,0.727785348312046,0.5763984141493832,0.5018039424015657,0.36382215469337387,0.4046951843184481,0.36653689134878437,0.4369521839881262,0.47902362921949976,0.3906716847649769
0.94,0.9211132315313473,0.5774111717069208,0.42258747076895076,0.31058900288567226,0.6789511412775108,0.6839721349226859,0.6739300485024918,0.6035570147936229,0.6412690071088855,0.6147046759814088,0.7406901388757097,0.5588599104135262,0.4649601971422169,0.3037543801037922,0.35858045419535445,0.31634306753161945,0.39214952016540433,0.4430549718332116,0.32253415452107626
0.96,0.9327591595140485,0.5320866773640642,0.3581842038479773,0.23548039354697262,0.6820392166640865,0.6927432520930574,0.6713349912126703,0.5928030328517964,0.6404617482535545,0.6070533126171896,0.7540984512690901,0.5385147001740168,0.42307049304324523,0.23626263782462065,0.3067455561538625,0.26010253332707717,0.3416009225765811,0.4023131003818704,0.24565678850657907
0.98,0.9433144272141902,0.48355251970481716,0.2900498052267808,0.15646706745762917,0.6846208832234305,0.7013579680105012,0.6678835120127208,0.5809893491755413,0.6390703731792622,0.5984935100360418,0.7673866909119559,0.516690673426801,0.37872972671662936,0.1653995407803159,0.2523093922027746,0.20117103997276076,0.2883766455473448,0.35929942912562973,0.16470178429891072
1.0,0.9521643694000357,0.43788943275247927,0.22641417310288375,0.08292598855630291,0.6866408878637449,0.7090245794089567,0.6642568197194719,0.5697064963417595,0.6374642026822744,0.5902334338175342,0.7792855028974457,0.49613640781069107,0.33730299011741244,0.09952322807337223,0.2016972035861772,0.146454916291589,0.23881121877506145,0.31917661457900476,0.08930695780351926
